{
  "mode": "head_kd",
  "best_epoch": 48,
  "best_f1": 0.9234709290454711,
  "val_metrics": {
    "Acc": 0.9909312167671726,
    "Macro-Prec": 0.8652654586476768,
    "Macro-Rec": 0.996867973016383,
    "Macro-F1": 0.9234709290454711,
    "Top-3 Acc": 1.0,
    "Top-5 Acc": 1.0,
    "ROC-AUC": 0.9987478034861986,
    "PR-AUC": 0.9701394346171922
  },
  "auto_tau": true,
  "best_tau_anom": 0.9390000104904175,
  "bin_metrics_at_best_tau": {
    "bin_prec": 0.8733880422039859,
    "bin_rec": 0.9946595460614153,
    "bin_f1": 0.9300873907615481,
    "bin_pr_auc": 0.8944418844230764
  }
}