{
  "mode": "head_kd",
  "best_epoch": 33,
  "best_f1": 0.7838441285352593,
  "best_ladj": 0.05,
  "best_ladj_mode": "sub",
  "val_metrics": {
    "Acc": 0.8723107743227941,
    "Macro-Prec": 0.7818078614253451,
    "Macro-Rec": 0.8185296161242231,
    "Macro-F1": 0.7838441285352593,
    "Top-3 Acc": 0.9969514850622768,
    "Top-5 Acc": 1.0,
    "ROC-AUC": 0.9693768531252875,
    "PR-AUC": 0.8427990924197228
  },
  "auto_tau": true,
  "best_tau_anom": 0.15399999916553497,
  "bin_metrics_at_best_tau": {
    "bin_prec": 0.9950738916256158,
    "bin_rec": 0.9944615384615385,
    "bin_f1": 0.994767620806402,
    "bin_pr_auc": 0.9986564136421414
  }
}