{
  "mode": "head_kd",
  "best_epoch": 7,
  "best_f1": 0.9960180919411015,
  "val_metrics": {
    "Acc": 0.996042216358839,
    "Macro-Prec": 0.9959173669467787,
    "Macro-Rec": 0.9961223474684919,
    "Macro-F1": 0.9960180919411015,
    "Top-3 Acc": 1.0,
    "Top-5 Acc": 1.0,
    "ROC-AUC": 0.9995096013058616,
    "PR-AUC": 0.999528416020637
  },
  "auto_tau": true,
  "best_tau_anom": 0.4779999852180481,
  "bin_metrics_at_best_tau": {
    "bin_prec": 0.9942857142857143,
    "bin_rec": 0.997134670487106,
    "bin_f1": 0.9957081545064378,
    "bin_pr_auc": 0.9995067170442284
  }
}